Location,Number of Sick People,Date,,"All of this data is since May 1st and 'Date' is the day 
I recorded the new data", 
Wisconsin,1 to 10,June 18th,,,
Virginia,1 to 10,June 18th,,,
Texas,11 to 30,June 18th,,,
Tennessee,1 to 10,June 18th,,,
Pennsylvania,1 to 10,June 18th,,,
Ohio,1 to 10,June 18th,,,
North Carolina,1 to 10,June 18th,,,
New York,31 to 80,June 18th,,,
New Jersey,1 to 10,June 18th,,,
Massachusetts,1 to 10,June 18th,,,
Louisiana,1 to 10,June 18th,,,
Illinois,11 to 30,June 18th,,,
Georgia,1 to 10,June 18th,,,
Florida,1 to 10,June 18th,,,
Connecticut,1 to 10,June 18th,,,
Colorado,1 to 10,June 18th,,,
Alaska,1 to 10,June 18th,,,
Wyoming,1 to 10,July 21st,,,
Wisconsin,11 to 30,July 21st,,,
West Virginia,11 to 30,July 21st,,,
Washington,1 to 10,July 21st,,,
Virginia,31 to 80,July 21st,,,
Utah,1 to 10,July 21st,,,
Texas,81 to 160,July 21st,,,
Tennessee,31 to 80,July 21st,,,
Rhode Island,1 to 10,July 21st,,,
Pennsylvania,31 to 80,July 21st,,,
Oklahoma,31 to 80,July 21st,,,
Ohio,301 to 500,July 21st,,,
North Dakota,1 to 10,July 21st,,,
North Carolina,161 to 300,July 21st,,,
New York,161 to 300,July 21st,,,
New Jersey,31 to 80,July 21st,,,
New Hampshire,1 to 10,July 21st,,,
Nevada,1 to 10,July 21st,,,
Nebraska,31 to 80,July 21st,,,
Missouri,31 to 80,July 21st,,,
Mississippi,1 to 10,July 21st,,,
Minnesota,11 to 30,July 21st,,,
Michigan,901 to 2100,July 21st,,,
Massachusetts,11 to 30,July 21st,,,
Maryland,1 to 10,July 21st,,,
Louisiana,31 to 80,July 21st,,,
Kentucky,81 to 160,July 21st,,,
Kansas,31 to 80,July 21st,,,
Iowa,11 to 30,July 21st,,,
Indiana,161 to 300,July 21st,,,
Illinois,81 to 160,July 21st,,,
Idaho,1 to 10,July 21st,,,
Georgia,31 to 80,July 21st,,,
Florida,31 to 80,July 21st,,,
Connecticut,11 to 30,July 21st,,,
Colorado,11 to 30,July 21st,,,
California,1 to 10,July 21st,,,
Arkansas,11 to 30,July 21st,,,
Arizona,1 to 10,July 21st,,,
Alaska,1 to 10,July 21st,,,
Alabama,1 to 10,July 21st,,,
Wyoming,1 to 49,August 1st,,,
Wisconsin,1 to 49,August 1st,,,
West Virginia,1 to 49,August 1st,,,
Washington,1 to 49,August 1st,,,
Virginia,50 to 199,August 1st,,,
Vermont,1 to 49,August 1st,,,
Utah,1 to 49,August 1st,,,
Texas,50 to 199,August 1st,,,
Tennessee,50 to 199,August 1st,,,
South Dakota,1 to 49,August 1st,,,
Rhode Island,1 to 49,August 1st,,,
Pennsylvania,50 to 199,August 1st,,,
Oregon,1 to 49,August 1st,,,
Oklahoma,50 to 199,August 1st,,,
Ohio,500 to 999,August 1st,,,
North Dakota,1 to 49,August 1st,,,
North Carolina,200 to 499,August 1st,,,
New York,200 to 499,August 1st,,,
New Jersey,50 to 199,August 1st,,,
New Hampshire,1 to 49,August 1st,,,
Nevada,1 to 49,August 1st,,,
Nebraska,50 to 199,August 1st,,,
N/A,1 to 49,August 1st,,,
Missouri,50 to 199,August 1st,,,
Mississippi,1 to 49,August 1st,,,
Minnesota,1 to 49,August 1st,,,
Michigan,1000 to 4000,August 1st,,,
Massachusetts,1 to 49,August 1st,,,
Maryland,1 to 49,August 1st,,,
Louisiana,50 to 199,August 1st,,,
Kentucky,50 to 199,August 1st,,,
Kansas,50 to 199,August 1st,,,
Iowa,1 to 49,August 1st,,,
Indiana,200 to 499,August 1st,,,
Illinois,200 to 499,August 1st,,,
Idaho,1 to 49,August 1st,,,
Georgia,50 to 199,August 1st,,,
Florida,50 to 199,August 1st,,,
Connecticut,1 to 49,August 1st,,,
Colorado,1 to 49,August 1st,,,
California,1 to 49,August 1st,,,
Arkansas,1 to 49,August 1st,,,
Arizona,1 to 49,August 1st,,,
Alaska,1 to 49,August 1st,,,
Alabama,1 to 49,August 1st,,,
Wyoming,1 to 49,August 11th,,,
Wisconsin,50 to 199,August 11th,,,
West Virginia,50 to 199,August 11th,,,
Washington,1 to 49,August 11th,,,
Virginia,50 to 199,August 11th,,,
Vermont,1 to 49,August 11th,,,
Utah,1 to 49,August 11th,,,
Texas,200 to 499,August 11th,,,
Tennessee,50 to 199,August 11th,,,
South Dakota,1 to 49,August 11th,,,
Rhode Island,1 to 49,August 11th,,,
Pennsylvania,200 to 499,August 11th,,,
Oregon,1 to 49,August 11th,,,
Oklahoma,50 to 199,August 11th,,,
Ohio,1000 to 3999,August 11th,,,
North Dakota,1 to 49,August 11th,,,
North Carolina,500 to 999,August 11th,,,
New York,200 to 499,August 11th,,,
New Jersey,50 to 199,August 11th,,,
New Hampshire,50 to 199,August 11th,,,
Nevada,1 to 49,August 11th,,,
Nebraska,50 to 199,August 11th,,,
Missouri,50 to 199,August 11th,,,
Mississippi,1 to 49,August 11th,,,
Minnesota,1 to 49,August 11th,,,
Michigan,4000 to 6999,August 11th,,,
Massachusetts,50 to 199,August 11th,,,
Maryland,50 to 199,August 11th,,,
Louisiana,50 to 199,August 11th,,,
Kentucky,200 to 499,August 11th,,,
Kansas,200 to 499,August 11th,,,
Iowa,50 to 199,August 11th,,,
Indiana,500 to 999,August 11th,,,
Illinois,500 to 999,August 11th,,,
Idaho,1 to 49,August 11th,,,
Georgia,50 to 199,August 11th,,,
Florida,50 to 199,August 11th,,,
Delaware,N/A,August 11th,,,
Connecticut,1 to 49,August 11th,,,
Colorado,1 to 49,August 11th,,,
California,1 to 49,August 11th,,,
Arkansas,50 to 199,August 11th,,,
Arizona,1 to 49,August 11th,,,
Alaska,1 to 49,August 11th,,,
Alabama,1 to 49,August 11th,,,